chr	pos	ref	alt	consequence	gene	cadd	revel	maf_gnomad	maf_1000g
1	33013299	T	A	missense_variant	AK2	28.5	0.827	0.00117353	0.23628318
1	33013287	C	T	missense_variant	AK2	25.39999962	0.817	0.000392958	0.11415929
7	117664821	T	C	missense_variant	CFTR	27.39999962	0.971	--	--
7	152229938	G	C	stop_gained	KMT2C	36	--	--	--
7	117592241	G	T	stop_gained	CFTR	38	--	--	--
7	117592295	A	T	stop_gained	CFTR	37	--	--	--
7	152265209	G	A	stop_gained	KMT2C	32	--	--	--
7	152265049	G	T	stop_gained	KMT2C	38	--	0.000449573	0.0380531
7	117594945	G	T	missense_variant	CFTR	30	0.924	0.000360802	0.0017699115
7	152265211	T	C	splice_acceptor_variant	KMT2C	34	--	--	--
10	125003466	G	T	missense_variant	CTBP2	27.29999924	0.847	--	--
10	125003468	C	A	missense_variant	CTBP2	26	0.808	--	--
10	124994506	T	A	missense_variant	CTBP2	28.10000038	0.846	--	--
10	124994554	A	C	missense_variant	CTBP2	31	0.944	--	--
10	124994621	C	A	missense_variant	CTBP2	29.29999924	0.944	--	--
10	125039033	T	A	stop_gained	CTBP2	38	--	--	--
10	125003357	G	A	missense_variant	CTBP2	32	0.785	--	--
10	125039018	G	A	stop_gained	CTBP2	40	--	--	--
10	124994597	C	A	stop_gained	CTBP2	44	--	--	--
10	124994530	G	A	missense_variant	CTBP2	31	0.938	--	--
10	124994563	A	T	missense_variant	CTBP2	31	0.96	--	--
10	124994577	C	A	stop_gained	CTBP2	25.79999924	--	--	--
10	124994542	C	T	missense_variant	CTBP2	26.39999962	0.881	--	--
10	124998005	G	T	missense_variant	CTBP2	27.60000038	0.845	--	--
10	125002983	T	G	missense_variant	CTBP2	32	0.948	--	--
10	124998024	G	C	missense_variant	CTBP2	29.10000038	0.817	--	--
10	124998090	G	A	missense_variant	CTBP2	28.39999962	0.874	--	--
10	124994501	G	A	missense_variant	CTBP2	24.39999962	0.771	--	--
10	124994505	A	T	stop_lost	CTBP2	23.10000038	--	--	--
10	124998006	C	T	missense_variant	CTBP2	26.60000038	0.762	--	--
11	47622719	C	T	stop_gained	MTCH2	38	--	0.00952986	0.27079645
11	47642407	G	C	missense_variant	MTCH2	29.79999924	0.954	--	--
11	47642411	G	A	stop_gained	MTCH2	38	--	--	--
11	47642399	A	G	splice_donor_variant	MTCH2	33	--	--	--
17	47157355	T	A	stop_gained	CDC27	36	--	--	--
17	47171999	C	T	missense_variant	CDC27	24.5	0.839	--	--
17	47138806	A	G	missense_variant	CDC27	29.79999924	0.861	--	--
17	47141963	A	C	missense_variant	CDC27	27.70000076	0.766	--	--
17	47143921	T	G	missense_variant	CDC27	25.20000076	0.831	--	--
17	47157120	A	C	stop_gained	CDC27	36	--	--	--
17	47154736	A	C	stop_gained	CDC27	37	--	--	--
17	47156994	A	C	stop_gained	CDC27	37	--	--	--
17	47172025	T	G	missense_variant	CDC27	32	0.799	--	--
